NHANESID_var1,NHANESID_var2
pneu,DUQ272
current_asthma,DUQ272
DRDSDT1,DUQ272
ever_arthritis,DUQ272
ever_osteo_arthritis,DUQ272
ever_asthma,DUQ272
any_ht,DUQ272
SMD410,DED038Q
cigarette_smoking,DED038Q
LBXCBC,DED038Q
LBXBEC,DED038Q
current_past_smoking,DED038Q
SMQ040,DED038Q
SMQ077,DED038Q
LBXSY1,DUQ352
any_ht,DUQ352
LBDSY4,DUQ352
DRDSDT1,DUQ352
LBDSY3,DUQ352
current_asthma,URXP08
ever_asthma,URXP08
DRDSDT1,URXP08
DRDSDT1,URXP11
ever_asthma,URXP11
current_asthma,URXP11
ever_asthma,URXP24
current_asthma,URXP24
DRDSDT1,URXP14
current_asthma,URXP14
ever_asthma,URXP14
DRDSDT1,URXAPE
DRDSDT1,LBXACR
any_ht,DR1TATOA
DRDSDT1,DUQ260
current_asthma,DUQ260
ever_arthritis,DUQ260
pneu,DUQ260
ever_osteo_arthritis,DUQ260
ever_asthma,DUQ260
any_ht,DUQ260
any_ht,DUQ340
LBDSY4,DUQ340
LBXSY1,DUQ340
DRDSDT1,DUQ340
LBDSY3,DUQ340
ever_arthritis,ALLOPURINOL
ever_osteo_arthritis,ALLOPURINOL
any_ht,AMITRIPTYLINE
any_ht,AMLODIPINE
URXRIM,any_ht
URXDEE,any_ht
METFORMIN,any_ht
URX1TB,any_ht
LBXPFDE,any_ht
URX3TB,any_ht
URXMOP,any_ht
last_time_used_heroin,any_ht
URXUAS5,any_ht
LBXVIE,any_ht
LBXPFBS,any_ht
LBXGLU,any_ht
LBXHPE,any_ht
LBXBEC,any_ht
SMD410,any_ht
LBXBR6,any_ht
LBXVID,any_ht
LBXALD,any_ht
DR1TNIAC,any_ht
ALENDRONATE,any_ht
DR1TPFAT,any_ht
LBXSGL,any_ht
LBXSTR,any_ht
DR1TSUGR,any_ht
LBXPFOA,any_ht
DR1TMFAT,any_ht
SMQ040,any_ht
URX4TO,any_ht
DR1TVE,any_ht
LBXIN,any_ht
URXMIB,any_ht
DR1TVK,any_ht
LBXBR5,any_ht
URXMTM,any_ht
ROFECOXIB,any_ht
LBXCBC,any_ht
INSULIN,any_ht
URXEMM,any_ht
ALBUTEROL,any_ht
LBXODT,any_ht
LBXDIE,any_ht
DUQ300,any_ht
URXUP8,any_ht
LBXPFUA,any_ht
LBXBR4,any_ht
current_past_smoking,any_ht
SMQ077,any_ht
URXUTM,any_ht
URXUP8CA,any_ht
cigarette_smoking,any_ht
DR1TSFAT,any_ht
LBXVMC,any_ht
DUQ290,any_ht
LBXPFOS,any_ht
current_asthma,ASPIRIN
ever_asthma,ASPIRIN
any_ht,ASPIRIN
ever_arthritis,ASPIRIN
ever_osteo_arthritis,ASPIRIN
DRDSDT1,ASPIRIN
DRDSDT1,ATORVASTATIN
URXDEE,URXAAZ
URXMAL,URXAAZ
DRDSDT1,URXAAZ
pneu,AZITHROMYCIN
SXQ270,AZITHROMYCIN
URXUGC,AZITHROMYCIN
any_ht,LBXZBZ
LBXVMC,LBXZBZ
LBXHCB,LBXBHC
LBXVBZ,LBXV3A
LBXVTO,LBXV3A
LBXVMC,LBXV3A
LBXZBZ,LBXV3A
LBXZTO,LBXV3A
LBXVMC,LBXVBZ
any_ht,LBXVBZ
LBXWCF,LBXVCT
LBXVMC,LBXVCT
DRDSDT1,LBXVCT
LBXVBZ,LBXVCT
LBXVCF,LBXVCT
current_asthma,LBXVCT
LBXZCF,LBXVCT
LBXZBZ,LBXVCT
ever_asthma,LBXVCT
LBXVBZ,LBXVCB
LBXZBZ,LBXVCB
LBXV3A,LBXVCB
LBXZTO,LBXVCB
LBXVTO,LBXVCB
LBXVMC,LBXVCB
LBXVBZ,LBXVCF
LBXZBZ,LBXVCF
LBXVMC,LBXVCF
LBXVCB,LBXVEB
LBXVTO,LBXVEB
LBXWCF,LBXVEB
LBXZCF,LBXVEB
LBXVCT,LBXVEB
LBXVCF,LBXVEB
LBXVBZ,LBXVEB
LBXVMC,LBXVEB
LBXV3A,LBXVEB
LBXVST,LBXVEB
LBXZBZ,LBXVEB
LBXZTO,LBXVEB
LBXVCF,LBXVST
LBXZTO,LBXVST
LBXZBZ,LBXVST
LBXVTO,LBXVST
LBXZCF,LBXVST
pneu,LBXVST
LBXVCT,LBXVST
LBXVBZ,LBXVST
LBXVMC,LBXVST
LBXWCF,LBXVST
LBXVCF,LBXVTO
LBXVBZ,LBXVTO
LBXZBZ,LBXVTO
LBXZCF,LBXVTO
LBXWCF,LBXVTO
LBXVMC,LBXVTO
LBXVCT,LBXVTO
DRDSDT1,BUPROPION
any_ht,BUPROPION
URXUAS,LBXBCD
DRDSDT1,LBXBCD
any_ht,LBXBCD
pneu,LBXBCD
ever_asthma,LBXBCD
current_asthma,LBXBCD
any_ht,DR1TCAFF
DRDSDT1,DR1TCAFF
pneu,DR1TCAFF
any_ht,DR1TCALC
any_ht,CARVEDILOL
DRDSDT1,CARVEDILOL
any_ht,CELECOXIB
DRDSDT1,CELECOXIB
ever_osteo_arthritis,CELECOXIB
ever_arthritis,CELECOXIB
LBXVBZ,LBXZCF
LBXZBZ,LBXZCF
LBXVMC,LBXZCF
SXQ270,LBXMD1
pneu,LBXMD1
URXUGC,LBXMD1
any_ht,CLARITHROMYCIN
pneu,CLARITHROMYCIN
any_ht,CLONIDINE
DRDSDT1,DR1TCOPP
LBXBR4,current_asthma
LBXVID,current_asthma
ALENDRONATE,current_asthma
URX1TB,current_asthma
DR1TPFAT,current_asthma
LBXCBC,current_asthma
LBXPFOA,current_asthma
DR1TSFAT,current_asthma
URXUP8,current_asthma
LBXVIE,current_asthma
INSULIN,current_asthma
LBXODT,current_asthma
ROFECOXIB,current_asthma
METFORMIN,current_asthma
LBXBR5,current_asthma
SMQ077,current_asthma
LBXIN,current_asthma
SMD410,current_asthma
last_time_used_heroin,current_asthma
DUQ300,current_asthma
LBXGLU,current_asthma
URXUTM,current_asthma
ALBUTEROL,current_asthma
LBXALD,current_asthma
LBXPFUA,current_asthma
URXUP8CA,current_asthma
LBXPFDE,current_asthma
LBXPFOS,current_asthma
DR1TVE,current_asthma
current_past_smoking,current_asthma
cigarette_smoking,current_asthma
DR1TNIAC,current_asthma
DR1TVK,current_asthma
URXMIB,current_asthma
LBXBEC,current_asthma
LBXBR6,current_asthma
DR1TSUGR,current_asthma
DUQ290,current_asthma
URXUAS5,current_asthma
LBXPFBS,current_asthma
URXDEE,current_asthma
LBXSGL,current_asthma
LBXSTR,current_asthma
LBXVMC,current_asthma
DR1TMFAT,current_asthma
SMQ040,current_asthma
URX4TO,current_asthma
LBXDIE,current_asthma
URXMAL,URXDTZ
DRDSDT1,URXDTZ
URXDEE,URXDTZ
URXMAL,URXSIS
DRDSDT1,URXSIS
URXDEE,URXSIS
DRDSDT1,DIGOXIN
any_ht,DILTIAZEM
any_ht,DOXAZOSIN
pneu,ENALAPRIL
pneu,LBXME1
DRDSDT1,ESTRADIOL
LBXV3A,LBXZEB
LBXZBZ,LBXZEB
LBXVTO,LBXZEB
LBXZCF,LBXZEB
LBXVBZ,LBXZEB
LBXVCF,LBXZEB
LBXVMC,LBXZEB
LBXVST,LBXZEB
LBXWCF,LBXZEB
LBXVCT,LBXZEB
LBXVCB,LBXZEB
LBXZTO,LBXZEB
URXUP8,ever_arthritis
DR1TVE,ever_arthritis
LBXBR5,ever_arthritis
LBXVIE,ever_arthritis
METFORMIN,ever_arthritis
LBXSGL,ever_arthritis
LBXPFOS,ever_arthritis
LBXGLU,ever_arthritis
LBXDIE,ever_arthritis
LBXBR6,ever_arthritis
URXUP8CA,ever_arthritis
LBXBR4,ever_arthritis
LBXPFOA,ever_arthritis
URX1TB,ever_asthma
DR1TNIAC,ever_asthma
DUQ300,ever_asthma
DR1TPFAT,ever_asthma
LBXSGL,ever_asthma
URXUTM,ever_asthma
LBXPFOS,ever_asthma
LBXVIE,ever_asthma
last_time_used_heroin,ever_asthma
LBXBR5,ever_asthma
LBXBEC,ever_asthma
LBXALD,ever_asthma
LBXVID,ever_asthma
URXUP8CA,ever_asthma
LBXDIE,ever_asthma
LBXPFBS,ever_asthma
LBXPFOA,ever_asthma
LBXVMC,ever_asthma
ROFECOXIB,ever_asthma
SMQ040,ever_asthma
DR1TMFAT,ever_asthma
cigarette_smoking,ever_asthma
URXMIB,ever_asthma
LBXIN,ever_asthma
URXUAS5,ever_asthma
LBXCBC,ever_asthma
URXDEE,ever_asthma
DUQ290,ever_asthma
current_past_smoking,ever_asthma
METFORMIN,ever_asthma
URX4TO,ever_asthma
URXUP8,ever_asthma
ALBUTEROL,ever_asthma
DR1TSFAT,ever_asthma
DR1TVE,ever_asthma
LBXODT,ever_asthma
LBXBR6,ever_asthma
LBXSTR,ever_asthma
LBXPFDE,ever_asthma
SMQ077,ever_asthma
LBXBR4,ever_asthma
LBXPFUA,ever_asthma
ALENDRONATE,ever_asthma
INSULIN,ever_asthma
DR1TVK,ever_asthma
LBXGLU,ever_asthma
DR1TSUGR,ever_asthma
SMD410,ever_asthma
LBXDIE,ever_osteo_arthritis
LBXVIE,ever_osteo_arthritis
LBXPFOA,ever_osteo_arthritis
URXUP8CA,ever_osteo_arthritis
LBXBR4,ever_osteo_arthritis
LBXPFOS,ever_osteo_arthritis
URXUP8,ever_osteo_arthritis
LBXBR5,ever_osteo_arthritis
METFORMIN,ever_osteo_arthritis
LBXBR6,ever_osteo_arthritis
DR1TVE,ever_osteo_arthritis
LBXGLU,ever_osteo_arthritis
LBXSGL,ever_osteo_arthritis
pneu,DUQ250
ever_osteo_arthritis,DUQ250
any_ht,DUQ250
current_asthma,DUQ250
DRDSDT1,DUQ250
ever_asthma,DUQ250
ever_arthritis,DUQ250
ever_asthma,DUQ100
ever_arthritis,DUQ100
pneu,DUQ100
current_asthma,DUQ100
ever_osteo_arthritis,DUQ100
DRDSDT1,DUQ100
any_ht,DUQ100
DRDSDT1,DUQ330
LBDSY4,DUQ330
LBDSY3,DUQ330
any_ht,DUQ330
LBXSY1,DUQ330
DRDSDT1,FENOFIBRATE
any_ht,FLUOXETINE
DRDSDT1,FLUOXETINE
pneu,FLUOXETINE
any_ht,DR1TFA
DRDSDT1,DR1TFA
ever_asthma,SMD100CO
current_asthma,SMD100CO
any_ht,SMD100CO
ever_osteo_arthritis,SMD100NI
DRDSDT1,SMD100NI
any_ht,SMD100NI
ever_arthritis,SMD100NI
ever_osteo_arthritis,GEMFIBROZIL
ever_arthritis,GEMFIBROZIL
any_ht,GLYBURIDE
DRDSDT1,GLYBURIDE
DUQ290,hepb
LBXBR6,hepb
LBXPFOA,hepb
LBXODT,hepb
URXDEE,hepb
last_time_used_heroin,hepb
METFORMIN,hepb
LBXSGL,hepb
LBXPFDE,hepb
ALENDRONATE,hepb
DUQ300,hepb
LBXDIE,hepb
SMQ077,hepb
current_past_smoking,hepb
cigarette_smoking,hepb
LBXVMC,hepb
LBXPFOS,hepb
SMQ040,hepb
DR1TNIAC,hepb
LBXVID,hepb
LBXBR4,hepb
URXUP8CA,hepb
LBXBR5,hepb
LBXALD,hepb
LBXVIE,hepb
DR1TVE,hepb
SMD410,hepb
LBXGLU,hepb
URXUP8,hepb
LBXGLU,LBXHBC
SMD410,LBXHBC
DUQ290,LBXHBC
LBXBR4,LBXHBC
LBXPFOA,LBXHBC
LBXDIE,LBXHBC
LBXSGL,LBXHBC
URXUP8,LBXHBC
LBXBR6,LBXHBC
DR1TNIAC,LBXHBC
LBXBR5,LBXHBC
last_time_used_heroin,LBXHBC
LBXALD,LBXHBC
LBXODT,LBXHBC
SMQ040,LBXHBC
LBXVIE,LBXHBC
SMQ077,LBXHBC
DR1TVE,LBXHBC
URXDEE,LBXHBC
DUQ300,LBXHBC
current_past_smoking,LBXHBC
cigarette_smoking,LBXHBC
LBXVMC,LBXHBC
LBXPFDE,LBXHBC
METFORMIN,LBXHBC
LBXVID,LBXHBC
URXUP8CA,LBXHBC
ALENDRONATE,LBXHBC
LBXPFOS,LBXHBC
LBXPFOS,LBXHBS
LBXSGL,LBXHBS
SMD410,LBXHBS
LBXVID,LBXHBS
LBXODT,LBXHBS
LBXVIE,LBXHBS
LBXALD,LBXHBS
SMQ040,LBXHBS
last_time_used_heroin,LBXHBS
DUQ300,LBXHBS
DUQ290,LBXHBS
ALENDRONATE,LBXHBS
URXUP8CA,LBXHBS
URXDEE,LBXHBS
current_past_smoking,LBXHBS
LBXPFDE,LBXHBS
METFORMIN,LBXHBS
LBXBR6,LBXHBS
DR1TVE,LBXHBS
DR1TNIAC,LBXHBS
LBXDIE,LBXHBS
SMQ077,LBXHBS
LBXBR4,LBXHBS
LBXGLU,LBXHBS
cigarette_smoking,LBXHBS
LBXVMC,LBXHBS
LBXBR5,LBXHBS
URXUP8,LBXHBS
LBXPFOA,LBXHBS
LBXSGL,LBDHBG
LBXPFDE,LBDHBG
LBXODT,LBDHBG
URXUP8,LBDHBG
LBXALD,LBDHBG
LBXPFOS,LBDHBG
LBXVMC,LBDHBG
LBXPFOA,LBDHBG
last_time_used_heroin,LBDHBG
LBXBR5,LBDHBG
DR1TVE,LBDHBG
SMQ040,LBDHBG
URXUP8CA,LBDHBG
DR1TNIAC,LBDHBG
ALENDRONATE,LBDHBG
LBXVIE,LBDHBG
DUQ300,LBDHBG
URXDEE,LBDHBG
LBXBR4,LBDHBG
cigarette_smoking,LBDHBG
SMD410,LBDHBG
LBXDIE,LBDHBG
SMQ077,LBDHBG
LBXVID,LBDHBG
LBXGLU,LBDHBG
METFORMIN,LBDHBG
current_past_smoking,LBDHBG
LBXBR6,LBDHBG
DUQ290,LBDHBG
URX4TO,LBDHCV
DR1TNIAC,LBDHCV
DUQ290,LBDHCV
DR1TPFAT,LBDHCV
current_past_smoking,LBDHCV
LBXCBC,LBDHCV
LBXHPE,LBDHCV
cigarette_smoking,LBDHCV
DR1TVE,LBDHCV
LBXBEC,LBDHCV
LBXSGL,LBDHCV
SMQ040,LBDHCV
LBXVID,LBDHCV
DUQ300,LBDHCV
LBXDIE,LBDHCV
LBXPFOA,LBDHCV
ALENDRONATE,LBDHCV
SMD410,LBDHCV
DR1TMFAT,LBDHCV
last_time_used_heroin,LBDHCV
METFORMIN,LBDHCV
SMQ077,LBDHCV
LBXPFDE,LBDHCV
LBXBR5,LBDHCV
URXUTM,LBDHCV
LBXGLU,LBDHCV
LBXSTR,LBDHCV
LBXVMC,LBDHCV
LBXBR6,LBDHCV
LBXPFUA,LBDHCV
LBXVIE,LBDHCV
LBXALD,LBDHCV
LBXODT,LBDHCV
URXDEE,LBDHCV
DR1TSFAT,LBDHCV
LBXPFOS,LBDHCV
LBXBR4,LBDHCV
cigarette_smoking,LBXHE1
SMQ077,LBXHE1
SMD410,LBXHE1
current_past_smoking,LBXHE1
ALENDRONATE,LBXHE1
SMQ040,LBXHE1
SMQ040,LBXHE2
ALENDRONATE,LBXHE2
SMQ077,LBXHE2
cigarette_smoking,LBXHE2
current_past_smoking,LBXHE2
SMD410,LBXHE2
LBXBPB,LBXHCB
ever_asthma,IBUPROFEN
ever_arthritis,IBUPROFEN
ever_osteo_arthritis,IBUPROFEN
current_asthma,IBUPROFEN
pneu,DR1TIRON
pneu,LBXSIR
ever_asthma,LANSOPRAZOLE
current_asthma,LANSOPRAZOLE
DRDSDT1,last_time_used_cocaine
ever_osteo_arthritis,last_time_used_cocaine
ever_asthma,last_time_used_cocaine
pneu,last_time_used_cocaine
current_asthma,last_time_used_cocaine
any_ht,last_time_used_cocaine
ever_arthritis,last_time_used_cocaine
URXUAS,LBXBPB
DRDSDT1,LBXBPB
LBXBCD,LBXBPB
any_ht,LBXBPB
current_asthma,LORATADINE
ever_asthma,LORATADINE
DRDSDT1,LOSARTAN
any_ht,LOSARTAN
any_ht,LOVASTATIN
DRDSDT1,LOVASTATIN
any_ht,DR1TMAGN
current_asthma,URXMAL
ever_asthma,URXMAL
URXDEE,URXMAL
LBXPFOS,LBXME
LBXPFOA,LBXME
URXAAZ,URXMET
URXMAL,URXMET
URXDTZ,URXMET
URXSIS,URXMET
URXDEE,URXMET
any_ht,METOPROLOL
ever_asthma,MONTELUKAST
current_asthma,MONTELUKAST
current_asthma,NIFEDIPINE
ever_asthma,NIFEDIPINE
DRDSDT1,NIFEDIPINE
any_ht,NIFEDIPINE
any_ht,URXOPP
SXQ265,URXOPP
DRDSDT1,OMEPRAZOLE
LBXBPB,LBXOXY
LBXHCB,LBXOXY
URX14D,URXPCP
LBXPFOA,LBXPFOS
any_ht,PIOGLITAZONE
DRDSDT1,PIOGLITAZONE
METFORMIN,pneu
ROFECOXIB,pneu
ALENDRONATE,pneu
LBXALD,pneu
SMQ077,pneu
LBXSTR,pneu
DR1TMFAT,pneu
LBXODT,pneu
DR1TSUGR,pneu
URXUAS5,pneu
DR1TVK,pneu
LBXBR5,pneu
LBXPFOA,pneu
cigarette_smoking,pneu
URXEMM,pneu
URXMIB,pneu
LBXGLU,pneu
SMQ040,pneu
DR1TVE,pneu
DR1TPFAT,pneu
LBXVIE,pneu
LBXVID,pneu
DR1TNIAC,pneu
LBXBEC,pneu
URXDEE,pneu
LBXPFOS,pneu
LBXBR6,pneu
DUQ300,pneu
LBXDIE,pneu
LBXVMC,pneu
LBXCBC,pneu
URXRIM,pneu
ALBUTEROL,pneu
SMD410,pneu
LBXSGL,pneu
DUQ290,pneu
LBXPFUA,pneu
LBXPFDE,pneu
last_time_used_heroin,pneu
LBXBR4,pneu
URXUTM,pneu
URXMTM,pneu
DR1TSFAT,pneu
current_past_smoking,pneu
any_ht,DR1TPOTA
any_ht,LBXSKSI
any_ht,PRAVASTATIN
LBXHBS,PREDNISONE
LBXHBC,PREDNISONE
hepb,PREDNISONE
LBDHBG,PREDNISONE
ever_asthma,PREDNISONE
current_asthma,PREDNISONE
any_ht,PROPRANOLOL
current_asthma,PROPRANOLOL
ever_asthma,PROPRANOLOL
ever_osteo_arthritis,LBXMR1
ever_arthritis,LBXMR1
DRDSDT1,LBXMR1
pneu,ROSIGLITAZONE
any_ht,ROSIGLITAZONE
ever_arthritis,ROSIGLITAZONE
ever_osteo_arthritis,ROSIGLITAZONE
DRDSDT1,DR1TSELE
DRDSDT1,LBXSEL
DRDSDT1,SERTRALINE
DRDSDT1,SIMVASTATIN
any_ht,SIMVASTATIN
any_ht,DRDTSODI
any_ht,LBXSNASI
DRDSDT1,SPIRONOLACTONE
any_ht,SPIRONOLACTONE
any_ht,THEOPHYLLINE
pneu,THEOPHYLLINE
current_asthma,THEOPHYLLINE
ever_asthma,THEOPHYLLINE
any_ht,LBXT4
LBXVBZ,LBXZTO
LBXWCF,LBXZTO
LBXVCF,LBXZTO
LBXVCT,LBXZTO
LBXZCF,LBXZTO
LBXZBZ,LBXZTO
LBXVMC,LBXZTO
any_ht,LBXSCA
DRDSDT1,DR1TCHL
pneu,LBXTIB
LBXPFOS,LBXTSS
LBXPFOA,LBXTSS
SXQ265,URX4TO
any_ht,URX4TO
ever_asthma,URXBPH
current_asthma,URXBPH
any_ht,URXBPH
pneu,URXBPH
DRDSDT1,URXBPH
LBDSY4,URXUAS
LBDSY3,URXUAS
ever_asthma,URXUAS
any_ht,URXUAS
LBXSY1,URXUAS
DRDSDT1,URXUAS
pneu,URXUAS
current_asthma,URXUAS
any_ht,VERAPAMIL
ever_asthma,DR1TVAIU
current_asthma,DR1TVAIU
DRDSDT1,DR1TVAIU
DRDSDT1,LBXVIA
ever_asthma,LBXVIA
current_asthma,LBXVIA
current_asthma,DR1TVARA
DRDSDT1,DR1TVARA
ever_asthma,DR1TVARA
any_ht,DR1TATOC
any_ht,WARFARIN
LBXZBZ,LBXWCF
LBXVBZ,LBXWCF
LBXVMC,LBXWCF
LBXBR5,DRDSDT1
LBXBR6,DRDSDT1
SMQ077,DRDSDT1
LBXVID,DRDSDT1
ALENDRONATE,DRDSDT1
LBXPFUA,DRDSDT1
URXRIM,DRDSDT1
URXMTM,DRDSDT1
URXEMM,DRDSDT1
LBXBEC,DRDSDT1
DR1TNIAC,DRDSDT1
METFORMIN,DRDSDT1
URXDEE,DRDSDT1
SMQ040,DRDSDT1
LBXCBC,DRDSDT1
cigarette_smoking,DRDSDT1
URXUP8,DRDSDT1
ALBUTEROL,DRDSDT1
LBXBR4,DRDSDT1
URXUP8CA,DRDSDT1
URXMIB,DRDSDT1
last_time_used_heroin,DRDSDT1
LBXDIE,DRDSDT1
URXUTM,DRDSDT1
LBXALD,DRDSDT1
DUQ290,DRDSDT1
LBXPFOA,DRDSDT1
LBXVIE,DRDSDT1
DR1TMFAT,DRDSDT1
URX4TO,DRDSDT1
current_past_smoking,DRDSDT1
LBXGLU,DRDSDT1
DUQ300,DRDSDT1
URXUAS5,DRDSDT1
LBXPFOS,DRDSDT1
ROFECOXIB,DRDSDT1
LBXSTR,DRDSDT1
DR1TPFAT,DRDSDT1
SMD410,DRDSDT1
DR1TVE,DRDSDT1
LBXVMC,DRDSDT1
LBXSGL,DRDSDT1
LBXPFDE,DRDSDT1
LBXODT,DRDSDT1
DR1TSFAT,DRDSDT1
pneu,DR1TZINC
ever_asthma,DR1TZINC
current_asthma,DR1TZINC
any_ht,DR1TZINC
